<?xml version="1.0" encoding="ISO-8859-1"?>
<adempiereAD Name="CLA_IMP_PRICE" Version="1" CompVer="Release 3.3.0" DataBase="1" Description="1" creator="pasuwatw@gmail.com" creatorcontact="pasuwatw@gmail.com" createddate="2018-12-29 18:45:15" updateddate="2018-12-29 18:45:15" PackOutVer="005">
    <process AD_Process_ID="80044" Name="CLA_Import Price" ADWorkflowNameID="" ADProcessNameID="CLA_Import Price" ADPrintFormatNameID="" ADReportViewNameID="" AccessLevel="3" Classname="org.pasta.process.ImportPrice" Description="" EntityType="pasta" Help="" isBetaFunctionality="false" isDirectPrint="false" isReport="false" isActive="true" ProcedureName="" StatisticCount="0" StatisticSeconds="0" Value="cla_import_price" WorkflowValue="" ShowHelp="Y" JasperReport="">
        <reference AD_Reference_ID="19" name="Table Direct" Description="Direct Table Access" EntityType="D" Help="" Name="Table Direct" isActive="true" VFormat="" ValidationType="D"/>
        <reference AD_Reference_ID="129" name="AD_Client" Description="Client selection" EntityType="D" Help="" Name="AD_Client" isActive="true" VFormat="" ValidationType="T">
            <referencetable AD_Reference_ID="129" ADRefenceNameID="AD_Client" ADTableNameID="AD_Client" ADDisplay="Name" Key="AD_Client_ID" EntityType="D" IsValueDisplayed="N" OrderByClause="AD_Client.Name" isActive="Y" WhereClause=""/>
        </reference>
        <dynvalrule AD_Val_Rule_ID="116" Name="AD_Client Login" Code="AD_Client.AD_Client_ID=@#AD_Client_ID@" Description="Restrict to login client" EntityType="D" Type="S" isActive="true"/>
        <processpara AD_Process_Para_ID="80193" Name="Client" ADProcessValueID="cla_import_price" ADProcessParaNameID="Client" ADElementNameID="AD_Client_ID" ADReferenceNameID="Table Direct" ADReferenceValueNameID="AD_Client" ADValRuleNameID="AD_Client Login" ColumnName="AD_Client_ID" DefaultValue="@#AD_Client_ID@" DefaultValue2="" Description="" EntityType="pasta" Help="" isActive="true" VFormat="" ValueMax="" ValueMin="" SeqNo="10" FieldLength="0" isCentrallyMaintained="true" isMandatory="true" isRange="false"/>
        <reference AD_Reference_ID="166" name="M_PriceList" Description="" EntityType="D" Help="" Name="M_PriceList" isActive="true" VFormat="" ValidationType="T">
            <referencetable AD_Reference_ID="166" ADRefenceNameID="M_PriceList" ADTableNameID="M_PriceList" ADDisplay="Name" Key="M_PriceList_ID" EntityType="D" IsValueDisplayed="N" OrderByClause="" isActive="Y" WhereClause=""/>
        </reference>
        <processpara AD_Process_Para_ID="80196" Name="Price List" ADProcessValueID="cla_import_price" ADProcessParaNameID="Price List" ADElementNameID="M_PriceList_ID" ADReferenceNameID="Table Direct" ADReferenceValueNameID="M_PriceList" ADValRuleNameID="" ColumnName="M_PriceList_ID" DefaultValue="" DefaultValue2="" Description="" EntityType="pasta" Help="" isActive="true" VFormat="" ValueMax="" ValueMin="" SeqNo="20" FieldLength="0" isCentrallyMaintained="true" isMandatory="true" isRange="false"/>
        <reference AD_Reference_ID="32" name="Image" Description="Binary Image Data" EntityType="D" Help="" Name="Image" isActive="true" VFormat="" ValidationType="D"/>
        <processpara AD_Process_Para_ID="80197" Name="File Path" ADProcessValueID="cla_import_price" ADProcessParaNameID="File Path" ADElementNameID="" ADReferenceNameID="Image" ADReferenceValueNameID="" ADValRuleNameID="" ColumnName="DataFile" DefaultValue="" DefaultValue2="" Description="" EntityType="pasta" Help="" isActive="true" VFormat="" ValueMax="" ValueMin="" SeqNo="30" FieldLength="0" isCentrallyMaintained="true" isMandatory="true" isRange="false"/>
    </process>
</adempiereAD>
