<?xml version="1.0" encoding="ISO-8859-1"?>
<adempiereAD Name="CLA_IMP_INVENTORY" Version="1" CompVer="Release 3.3.0" DataBase="1" Description="1" creator="pasuwatw@gmail.com" creatorcontact="pasuwatw@gmail.com" createddate="2018-12-31 22:40:58" updateddate="2018-12-31 22:40:58" PackOutVer="005">
    <process AD_Process_ID="80045" Name="CLA_Import Inventory" ADWorkflowNameID="" ADProcessNameID="CLA_Import Inventory" ADPrintFormatNameID="" ADReportViewNameID="" AccessLevel="3" Classname="org.pasta.process.ImportInventory" Description="" EntityType="pasta" Help="" isBetaFunctionality="false" isDirectPrint="false" isReport="false" isActive="true" ProcedureName="" StatisticCount="0" StatisticSeconds="0" Value="cla_imp_inventory" WorkflowValue="" ShowHelp="Y" JasperReport="">
        <reference AD_Reference_ID="19" name="Table Direct" Description="Direct Table Access" EntityType="D" Help="" Name="Table Direct" isActive="true" VFormat="" ValidationType="D"/>
        <reference AD_Reference_ID="129" name="AD_Client" Description="Client selection" EntityType="D" Help="" Name="AD_Client" isActive="true" VFormat="" ValidationType="T">
            <referencetable AD_Reference_ID="129" ADRefenceNameID="AD_Client" ADTableNameID="AD_Client" ADDisplay="Name" Key="AD_Client_ID" EntityType="D" IsValueDisplayed="N" OrderByClause="AD_Client.Name" isActive="Y" WhereClause=""/>
        </reference>
        <dynvalrule AD_Val_Rule_ID="116" Name="AD_Client Login" Code="AD_Client.AD_Client_ID=@#AD_Client_ID@" Description="Restrict to login client" EntityType="D" Type="S" isActive="true"/>
        <processpara AD_Process_Para_ID="80198" Name="Client" ADProcessValueID="cla_imp_inventory" ADProcessParaNameID="Client" ADElementNameID="AD_Client_ID" ADReferenceNameID="Table Direct" ADReferenceValueNameID="AD_Client" ADValRuleNameID="AD_Client Login" ColumnName="AD_Client_ID" DefaultValue="@#AD_Client_ID@" DefaultValue2="" Description="" EntityType="pasta" Help="" isActive="true" VFormat="" ValueMax="" ValueMin="" SeqNo="10" FieldLength="0" isCentrallyMaintained="true" isMandatory="true" isRange="false"/>
        <dynvalrule AD_Val_Rule_ID="130" Name="AD_Org Trx Security validation" Code="AD_Org.AD_Org_ID &lt;&gt; 0  AND AD_Org.IsSummary='N'" Description="Not Summary - Not 0" EntityType="D" Type="S" isActive="true"/>
        <processpara AD_Process_Para_ID="80201" Name="Organization" ADProcessValueID="cla_imp_inventory" ADProcessParaNameID="Organization" ADElementNameID="AD_Org_ID" ADReferenceNameID="Table Direct" ADReferenceValueNameID="" ADValRuleNameID="AD_Org Trx Security validation" ColumnName="AD_Org_ID" DefaultValue="-1" DefaultValue2="" Description="" EntityType="pasta" Help="" isActive="true" VFormat="" ValueMax="" ValueMin="" SeqNo="20" FieldLength="10" isCentrallyMaintained="true" isMandatory="true" isRange="false"/>
        <reference AD_Reference_ID="15" name="Date" Description="Date mm/dd/yyyy" EntityType="D" Help="" Name="Date" isActive="true" VFormat="" ValidationType="D"/>
        <processpara AD_Process_Para_ID="80202" Name="Movement Date" ADProcessValueID="cla_imp_inventory" ADProcessParaNameID="Movement Date" ADElementNameID="MovementDate" ADReferenceNameID="Date" ADReferenceValueNameID="" ADValRuleNameID="" ColumnName="MovementDate" DefaultValue="@#Date@" DefaultValue2="" Description="" EntityType="pasta" Help="" isActive="true" VFormat="" ValueMax="" ValueMin="" SeqNo="30" FieldLength="10" isCentrallyMaintained="true" isMandatory="true" isRange="false"/>
        <dynvalrule AD_Val_Rule_ID="80009" Name="C_DocType Org Material Inventory" Code="C_DocType.DocBaseType='MMI' AND C_DocType.AD_Org_ID = @AD_Org_ID@" Description="Document Type Physical Inventory" EntityType="pasta" Type="S" isActive="true"/>
        <processpara AD_Process_Para_ID="80216" Name="Document Type" ADProcessValueID="cla_imp_inventory" ADProcessParaNameID="Document Type" ADElementNameID="C_DocType_ID" ADReferenceNameID="Table Direct" ADReferenceValueNameID="" ADValRuleNameID="C_DocType Org Material Inventory" ColumnName="C_DocType_ID" DefaultValue="" DefaultValue2="" Description="" EntityType="pasta" Help="" isActive="true" VFormat="" ValueMax="" ValueMin="" SeqNo="40" FieldLength="10" isCentrallyMaintained="true" isMandatory="true" isRange="false"/>
        <dynvalrule AD_Val_Rule_ID="189" Name="M_Warehouse Org" Code="M_Warehouse.AD_Org_ID=@AD_Org_ID@" Description="" EntityType="D" Type="S" isActive="true"/>
        <processpara AD_Process_Para_ID="80218" Name="Warehouse" ADProcessValueID="cla_imp_inventory" ADProcessParaNameID="Warehouse" ADElementNameID="M_Warehouse_ID" ADReferenceNameID="Table Direct" ADReferenceValueNameID="" ADValRuleNameID="M_Warehouse Org" ColumnName="M_Warehouse_ID" DefaultValue="-1" DefaultValue2="" Description="" EntityType="pasta" Help="" isActive="true" VFormat="" ValueMax="" ValueMin="" SeqNo="50" FieldLength="10" isCentrallyMaintained="true" isMandatory="true" isRange="false"/>
        <dynvalrule AD_Val_Rule_ID="80010" Name="M_Locator of Warehouse and Org" Code="M_Locator.M_Warehouse_ID=@M_Warehouse_ID@ AND M_Locator.AD_Org_ID = @AD_Org_ID@" Description="" EntityType="pasta" Type="S" isActive="true"/>
        <processpara AD_Process_Para_ID="80219" Name="Locator" ADProcessValueID="cla_imp_inventory" ADProcessParaNameID="Locator" ADElementNameID="M_Locator_ID" ADReferenceNameID="Table Direct" ADReferenceValueNameID="" ADValRuleNameID="M_Locator of Warehouse and Org" ColumnName="M_Locator_ID" DefaultValue="-1" DefaultValue2="" Description="" EntityType="pasta" Help="" isActive="true" VFormat="" ValueMax="" ValueMin="" SeqNo="60" FieldLength="10" isCentrallyMaintained="true" isMandatory="true" isRange="false"/>
        <reference AD_Reference_ID="32" name="Image" Description="Binary Image Data" EntityType="D" Help="" Name="Image" isActive="true" VFormat="" ValidationType="D"/>
        <processpara AD_Process_Para_ID="80200" Name="File Path" ADProcessValueID="cla_imp_inventory" ADProcessParaNameID="File Path" ADElementNameID="" ADReferenceNameID="Image" ADReferenceValueNameID="" ADValRuleNameID="" ColumnName="DataFile" DefaultValue="" DefaultValue2="" Description="" EntityType="pasta" Help="" isActive="true" VFormat="" ValueMax="" ValueMin="" SeqNo="70" FieldLength="0" isCentrallyMaintained="true" isMandatory="true" isRange="false"/>
    </process>
</adempiereAD>
