<?xml version="1.0" encoding="ISO-8859-1"?>
<?xml-stylesheet type="text/css" href="adempiereDocument.css"?>

<adempiereDocument>
    <header>CLA_IMP_PRICE Package Description</header>
    <H1>Package Name:</H1>
    <packagename>CLA_IMP_PRICE</packagename>
    <H1>Creator:</H1>
    <creator>pasuwatw@gmail.com</creator>
    <H1>Email Address:</H1>
    <creatorcontact>pasuwatw@gmail.com</creatorcontact>
    <H1>Created:</H1>
    <createddate>2018-12-29 18:45:15</createddate>
    <H1>Updated:</H1>
    <updateddate>2018-12-29 18:45:15</updateddate>
    <H1>Description:</H1>
    <description>1</description>
    <H1>Instructions:</H1>
    <instructions>1</instructions>
    <H1>Files in Package:</H1>
    <file>File: PackOut.xml</file>
    <filedirectory>Directory: \dict\</filedirectory>
    <filenotes>Notes: Contains all application/object settings for package</filenotes>
</adempiereDocument>
